name,age,salary,experience
Alice Smith,28,75000,5
Bob Johnson,34,92000,10
Charlie Williams,41,105000,15
David Brown,23,32000,2
Eva Jones,30,85000,7
Frank Miller,50,120000,25
Grace Davis,27,48000,4
Hannah Garcia,45,110000,20
Ian Rodriguez,38,98000,12
Julia Martinez,31,87000,9
Alice Johnson,29,64000,6
Bob Smith,40,75000,15
Charlie Brown,35,90000,10
David Williams,42,130000,20
Eva Davis,26,50000,4
Frank Garcia,33,68000,7
Grace Rodriguez,55,145000,30
Hannah Martinez,60,135000,35
Ian Smith,37,80000,12
Julia Johnson,32,95000,10
Alice Williams,44,112000,18
Bob Davis,36,78000,12
Charlie Garcia,29,66000,5
David Rodriguez,48,102000,20
Eva Martinez,27,57000,5
Frank Smith,39,88000,14
Grace Johnson,46,98000,18
Hannah Williams,31,72000,8
Ian Davis,52,117000,28
Julia Garcia,43,85000,15
Alice Rodriguez,24,40000,3
Bob Martinez,30,76000,8
Charlie Smith,41,90000,15
David Johnson,35,68000,10
Eva Williams,33,73000,8
Frank Davis,50,100000,22
Grace Garcia,38,85000,12
Hannah Rodriguez,29,64000,6
Ian Martinez,47,92000,16
Julia Smith,34,81000,9
Alice Davis,26,55000,5
Bob Garcia,40,89000,12
Charlie Rodriguez,45,103000,18
David Martinez,52,117000,30
Eva Smith,37,79000,14
Frank Johnson,43,95000,17
Grace Williams,28,63000,7
Hannah Davis,36,78000,10
Ian Garcia,41,86000,15
Julia Rodriguez,39,92000,12
